{
  "map": 0.19977924901246658,
  "ndcg_at_10": 0.22335529058282294,
  "mrr_at_10": 0.1938145836175922,
  "recall_at_100": 0.5315186246418337,
  "recall_at_1000": 0.7442215854823304,
  "num_queries": 6980
}