{
  "map": 0.22154689062863595,
  "ndcg_at_10": 0.25044624807732757,
  "mrr_at_10": 0.21586744439896302,
  "recall_at_100": 0.589243075453677,
  "recall_at_1000": 0.7442215854823304,
  "num_queries": 6980
}