{
  "map": 0.2915282568779382,
  "ndcg_at_10": 0.33850266650935723,
  "mrr_at_10": 0.2875542365943512,
  "recall_at_100": 0.7016236867239733,
  "recall_at_1000": 0.7442215854823304,
  "num_queries": 6980
}