{
  "map": 0.29801564446506307,
  "ndcg_at_10": 0.34367250594791526,
  "mrr_at_10": 0.2945385909855824,
  "recall_at_100": 0.7055157593123209,
  "recall_at_1000": 0.7442215854823304,
  "num_queries": 6980
}