{
  "map": 0.2807981732003948,
  "ndcg_at_10": 0.32321881614365644,
  "mrr_at_10": 0.28097648610542597,
  "recall_at_100": 0.5565544412607449,
  "recall_at_1000": 0.5565544412607449,
  "num_queries": 6980
}